{
  "fuel_radius": 0.44,
  "clad_thickness": 0.06,
  "pitch": 1.26,
  "particles": 4000,
  "batches": 30,
  "inactive": 5,
  "openmc_version": "0.15.3",
  "keff_mean": 1.600484569739262,
  "keff_std": 0.00569297502723023
}