{
  "fuel_radius": 0.32,
  "clad_thickness": 0.06,
  "pitch": 1.26,
  "particles": 4000,
  "batches": 30,
  "inactive": 5,
  "openmc_version": "0.15.3",
  "keff_mean": 1.7201724550652138,
  "keff_std": 0.0035858290095481847
}