{
  "fuel_radius": 0.4,
  "clad_thickness": 0.06,
  "pitch": 1.26,
  "particles": 2000,
  "batches": 30,
  "inactive": 5,
  "openmc_version": "0.15.3",
  "keff_mean": 1.637427259356976,
  "keff_std": 0.005792513052766748
}