{
  "fuel_radius": 0.36,
  "clad_thickness": 0.06,
  "pitch": 1.26,
  "particles": 4000,
  "batches": 30,
  "inactive": 5,
  "openmc_version": "0.15.3",
  "keff_mean": 1.6992093846941396,
  "keff_std": 0.006033696272739396
}